ppt_number,agency,watchlist_details,status,notes
1,All India Bank Employees Association (AIBEA),Wilful Defaulter List (All Banks),pending_recon,
2,All India Council for Technical Education (AICTE),Unapproved Institutes,pending_recon,
3,Bureau of Indian Standards (BIS),Compounding of Offence,pending_recon,
4,Bureau of Indian Standards (BIS),Enforcement | Judgements,pending_recon,
5,Central Board of Direct Taxes (CBDT),Suspected Shell Companies,pending_recon,
6,Central Board of Excise and Customs (CBEC),Central Excise - Fraud,pending_recon,
7,Central Board of Excise and Customs (CBEC),Central Excise - Penalty / Interest,pending_recon,
8,Central Board of Excise and Customs (CBEC),Customs - Fraud / Collusion,pending_recon,
9,Central Board of Excise and Customs (CBEC),Customs - Penalty / Interest,pending_recon,
10,Central Board of Excise and Customs (CBEC),Customs - Seizure,pending_recon,
11,Central Bureau of Investigation (CBI),List of Fugitive Economic Offender,skipped,ED list not CBI. CBI does not publish this.
12,Central Bureau of Investigation (CBI),Most Wanted - Announced Rewards,completed,328 records. scrapers/cbi_announced_rewards.py
13,Central Bureau of Investigation (CBI),Most Wanted - Interpol Red Notices,completed,379 records. scrapers/cbi_red_notices.py
14,Central Bureau of Investigation (CBI),Press Release,skipped,News articles not watchlist data. Deferred to Phase 2 NER.
15,Central Bureau of Investigation (CBI),Yellow List,completed,94 records. scrapers/cbi_yellow_notices.py
16,Central Vigilance Commission (CVC),Penalties for Prosecution,pending_recon,
17,Competition Commission of India (CCI),Antitrust Orders,pending_recon,
18,Credit Information Bureau India Limited (CIBIL),Suit Filed - Defaulters Rs 1 Crore and Above,pending_recon,Likely restricted - CIBIL requires login
19,Credit Information Bureau India Limited (CIBIL),Suit Filed - Wilful Defaulters Rs 25 Lacs and Above,pending_recon,Likely restricted - CIBIL requires login
20,Debts Recovery Tribunals (DRTs),DRT Causelist,pending_recon,
21,Directorate General of Foreign Trade (DGFT),Penalized Companies,pending_recon,
22,Directorate of Enforcement (ED),List of Fugitive Economic Offender,pending_recon,High priority AML source
23,Directorate of Enforcement (ED),Press Release,pending_recon,News - may need NER like CBI Press Release
24,Directorate of Enforcement (ED),Red Corner Notices,pending_recon,High priority AML source
25,Economic Offence Wing,Tamil Nadu (TNEOW) - Persons Wanted in Economic Offence Wing Cases,pending_recon,
26,Employees Provident Fund Organisation (EPFO),Orders,pending_recon,
27,Employees' State Insurance Corporation,Defaulters List,pending_recon,
28,Financial Intelligence Unit (FIU),Judgements,pending_recon,
29,Financial Intelligence Unit (FIU),List of NBFCs categorized as High Risk Financial Institutions,pending_recon,
30,Financial Intelligence Unit (FIU),Non Compliant NBFC List,pending_recon,
31,Financial Intelligence Unit (FIU),Orders,pending_recon,
32,Financial Intelligence Unit (FIU),Section 12A of Weapons of Mass Destruction and Their Delivery Systems (Prohibition of Unlawful Activities) Act 2005 - Designated List,pending_recon,
33,Government e Marketplace,Watchlist/ Defaulter,pending_recon,
34,Government of Maharashtra,Department of Goods and Services Tax (GST) - Non Genuine Dealers,pending_recon,
35,Income Tax Department,Tax Defaulters,pending_recon,Likely restricted - may require login
36,Insurance Regulatory and Development Authority of India (IRDAI),Blacklisted Agents,pending_recon,
37,Insurance Regulatory and Development Authority of India (IRDAI),Public Notices,pending_recon,
38,Insurance Regulatory and Development Authority of India (IRDAI),United Nations Security Council (UNSC) - ISIL (Da'esh) & Al-Qaida Sanctions List,pending_recon,
39,Insurance Regulatory and Development Authority of India (IRDAI),Warning and Penalties,pending_recon,
40,Ministry of Corporate Affairs (MCA),Companies Not Filed Form 5INV,pending_recon,Likely restricted - MCA portal requires login
41,Ministry of Corporate Affairs (MCA),Companies Under Process of Strike Off,pending_recon,
42,Ministry of Corporate Affairs (MCA),Defaulter Companies List,pending_recon,
43,Ministry of Corporate Affairs (MCA),Defaulter Directors List,pending_recon,
44,Ministry of Corporate Affairs (MCA),Defaulter Secretaries List,pending_recon,
45,Ministry of Corporate Affairs (MCA),Dormant Companies,pending_recon,
46,Ministry of Corporate Affairs (MCA),Dormant List,pending_recon,
47,Ministry of Corporate Affairs (MCA),List of Companies Struck-Off By RoCs (STK-7) U/S 248(5) CA 13,pending_recon,
48,Ministry of Corporate Affairs (MCA),List of Companies where Complaints Received Alleging that the Companies are Doing MLM/Chit Fund Activities,pending_recon,
49,Ministry of Corporate Affairs (MCA),List of Directors Associated With Struck Off Companies U/S 248,pending_recon,
50,Ministry of Corporate Affairs (MCA),List of Disqualified Directors Section 274,pending_recon,
51,Ministry of Corporate Affairs (MCA),List of Disqualified Directors U/S 164 (2)(A),pending_recon,
52,Ministry of Corporate Affairs (MCA),List of Proclaimed Offenders by the Honourable Court,pending_recon,
53,Ministry of Corporate Affairs (MCA),List of Proclaimed Offenders Under Section 82 Criminal Procedure,pending_recon,
54,Ministry of Corporate Affairs (MCA),LLPs Under Process of Strike Off,pending_recon,
55,Ministry of Corporate Affairs (MCA),Notice of Strike-Off By Registrar(STK-7) As Per Sec. 248(1)-CA 13,pending_recon,
56,Ministry of Corporate Affairs (MCA),Notice of Strike-Off Under LLP Rule 37,pending_recon,
57,Ministry of Corporate Affairs (MCA),Public Notices (STK-5) U/S 248(1)-CA 13,pending_recon,
58,Ministry of Corporate Affairs (MCA),Public Notices (STK-6) U/S 248(2)-CA 2013,pending_recon,
59,Ministry of Corporate Affairs (MCA),RD Adjudication Orders,pending_recon,
60,Ministry of Corporate Affairs (MCA),ROC Adjudication Orders,pending_recon,
61,Ministry of Corporate Affairs (MCA),Vanishing Companies,pending_recon,
62,Ministry of Defence (MOD),Details of Firms Debarred Put on Hold Suspended,pending_recon,
63,Ministry of External Affairs (MEA),List of Fugitive Economic Offender,pending_recon,
64,Ministry of External Affairs (MEA),List of Fugitives Extradited/Deported by Foreign Governments to India,pending_recon,
65,Ministry of External Affairs (MEA),List of Unregistered Agencies against which Grievances Received,pending_recon,
66,Ministry of External Affairs (MEA),Prior Approval Category,pending_recon,
67,Ministry of Finance (MOF),List of NGOs Blacklisted by Department of Financial Services,pending_recon,
68,Ministry Of Home Affairs (MHA),Designated Terrorists Under Unlawful Activities (Prevention) Act,completed,57 records. scrapers/mha_uapa_individual_terrorists.py
69,Ministry Of Home Affairs (MHA),India Ministry of Home Affairs Banned Organisations,completed,39 records. scrapers/mha_banned_orgs.py
70,Ministry of Home Affairs (MHA),Individual Terrorists Under UAPA,completed,Same as #68 - already scraped
71,Ministry of Home Affairs (MHA),List of FCRA Registered Associations,pending_recon,
72,Ministry of Home Affairs (MHA),List of Prior Permission Granted Under FCRA,pending_recon,
73,Ministry of Home Affairs (MHA),Terrorist Organisations Listed in the First Schedule of the Unlawful Activities (Prevention) Act 1967,pending_recon,May overlap with #69 Banned Organisations
74,Ministry of Home Affairs (MHA),Unlawful Associations Under Section 3 of Unlawful Activities (Prevention) Act 1967,pending_recon,May overlap with #69 Banned Organisations
75,Ministry of Social Justice & Empowerment (MSJ&E),Department of Empowerment of Persons with Disabilities,pending_recon,
76,Ministry of Social Justice & Empowerment (MSJ&E),Grants Suspended List / Blacklisted NGOs,pending_recon,
77,Ministry of Social Justice & Empowerment (MSJ&E),List of De-Blacklisted NGOs,pending_recon,
78,Ministry of Women and Child Development Government of India (MWCD),Blacklisted NGOs,pending_recon,
79,Narcotics Control Bureau (NCB),Important Seizures,pending_recon,
80,National Bank for Agriculture and Rural Development,List of Debarred /Blacklisted NGOs,pending_recon,
81,National Bank for Agriculture and Rural Development,List of NGOs Put on Exit Mode,pending_recon,
82,National Bank for Agriculture and Rural Development (NABARD),Micro Credit Innovations Department (MCID) - List of NGOs Blacklisted,pending_recon,
83,National Bank for Agriculture and Rural Development (NABARD),NGOs / MFIs Debarred for Future Support,pending_recon,
84,National Company Law Tribunal (NCLT),Cause List,pending_recon,
85,National Company Law Tribunal (NCLT),Judgement Orders By Judgment Date,pending_recon,
86,National Crime Records Bureau (NCRB),Missing Person,pending_recon,
87,National Crime Records Bureau (NCRB),Proclaimed Offender,pending_recon,
88,National Financial Reporting Authority (NFRA),Debarments,pending_recon,
89,National Financial Reporting Authority (NFRA),Orders,pending_recon,
90,National Housing Bank (NHB),Companies Not Valid for Acceptance of Public Deposits,pending_recon,
91,National Housing Bank (NHB),Companies whose Application for Certificate of Registration have been Declined/Rejected/Rejected as Withdrawn,pending_recon,
92,National Housing Bank (NHB),Company Against which Prohibitory / Cancellation Order has been Issued,pending_recon,
93,National Housing Bank (NHB),List of Companies Certificate of Registration has been Cancelled,pending_recon,
94,National Housing Bank (NHB),List of Companies Ineligible to Carry on the Business of Housing Finance Institution,pending_recon,
95,National Housing Bank (NHB),Penalties,pending_recon,
96,National Institute of Electronics and Information Technology (NIELIT),Debarred Vendors List,pending_recon,
97,National Institution for Transforming India (NITI) Aayog,Blacklisted NGOs,pending_recon,
98,National Institution for Transforming India (NITI) Aayog,List of VOs/NGOs signed up on the NGO-DARPAN,pending_recon,
99,National Investigation Agency (NIA),Arrested Persons in Custody,pending_recon,
100,National Investigation Agency (NIA),Banned Terrorist Organisations,pending_recon,
101,National Investigation Agency (NIA),Most Wanted List,completed,332 records. scrapers/nia_most_wanted.py
102,National Investigation Agency (NIA),Reward List,pending_recon,
103,National Investigation Agency (NIA),Cases,pending_recon,
104,Reserve Bank of India (RBI),Alert List,pending_recon,High priority AML source
105,Reserve Bank of India (RBI),List of Cancelled NBFCs,pending_recon,
106,Reserve Bank of India (RBI),List of NBFCs Surrender Their Certificate of Registration to RBI,pending_recon,
107,Reserve Bank of India (RBI),United Nations Security Council Act 1947,pending_recon,
108,Securities and Exchange Board of India (SEBI),Investor Alerts,pending_recon,
109,Securities and Exchange Board of India (SEBI),List of Debarred Entities based on Orders / Directions,pending_recon,High priority AML source
110,Securities and Exchange Board of India (SEBI),List of Debarred Entities Based on Orders / Directions from Other Competent Authorities,pending_recon,
111,Securities and Exchange Board of India (SEBI),List of Entities Debarred by Other Competent Authorities,pending_recon,
112,Securities and Exchange Board of India (SEBI),List of Entities Debarred from Trading,pending_recon,
113,Securities and Exchange Board of India (SEBI),Members Suspended,pending_recon,
114,Securities and Exchange Board of India (SEBI),Orders of AA under the RTI Act,pending_recon,
115,Securities and Exchange Board of India (SEBI),Orders of Chairperson/Member,pending_recon,
116,Securities and Exchange Board of India (SEBI),Settlement Orders,pending_recon,
117,Securities and Exchange Board of India (SEBI),Suspected Shell Companies,pending_recon,
118,Securities and Exchange Board of India (SEBI),UNSC Sanctions Committee List,pending_recon,
119,Securities and Exchange Board of India (SEBI),Orders of AO,pending_recon,
120,Serious Fraud Investigation Office (SFIO),List of Directors Convicted,pending_recon,
121,Serious Fraud Investigation Office (SFIO),List of Proclaimed Offenders,pending_recon,
122,Suspected Shell Companies Check (SSC),Central Bureau of Investigation (CBI),pending_recon,
123,Suspected Shell Companies Check (SSC),Enforcement Directorate (ED),pending_recon,
124,Suspected Shell Companies Check (SSC),Income Tax Department (ITD),pending_recon,
125,Suspected Shell Companies Check (SSC),Serious Fraud Investigation Office (SFIO),pending_recon,
126,Suspected Shell Companies Check (SSC),Telangana Registrar of Companies,pending_recon,
127,University Grants Commission (UGC),Fake Universities,pending_recon,
128,Wildlife Crime Control Bureau (WCCB),Convicts,pending_recon,
129,Wildlife Crime Control Bureau (WCCB),Court Judgements,pending_recon,
130,Bank of Baroda (BOB),Wilful Defaulters,pending_recon,
131,Bank of India (BOI),Wilful Defaulters,pending_recon,
132,Bank of Maharashtra (BOM),Wilful Defaulters,pending_recon,
133,Indian Bank (IB),Wilful Defaulters,pending_recon,
134,Indian Overseas Bank (IOB),Wilful Defaulters,pending_recon,
135,Punjab & Sindh Bank (PSB),Debarred Borrowers/ Guarantors,pending_recon,
136,Punjab & Sindh Bank (PSB),Wilful Defaulters,pending_recon,
137,UCO Bank (UCO),Wilful Defaulters,pending_recon,
138,Airport Authority of India (AAI),Vendor Debarred List,pending_recon,
139,Bharat Heavy Electricals Limited (BHEL),Banned Firms,pending_recon,
140,Coal India Limited (CIL),Debarment List,pending_recon,
141,Delhi Metro Rail Corporation (DMRC),Blacklisted Agencies,pending_recon,
142,Delhi Metro Rail Corporation (DMRC),Debarred Agency List in Metro Parking,pending_recon,
143,Delhi Metro Rail Corporation (DMRC),Debarred/Ineligible/Banned/Suspended Agencies,pending_recon,
144,Gas Authority of India Limited (GAIL),Banning List,pending_recon,
145,Hindustan Copper Ltd (HCL),Black Listed Vendors,pending_recon,
146,Indian Oil Corporation Limited (IOCL),Debarment List,pending_recon,
147,National Highways & Infrastructure Development Corporation Limited (NHIDCL),Blacklisted Consultants,pending_recon,
148,National Highways & Infrastructure Development Corporation Limited (NHIDCL),Blacklisted Contractors,pending_recon,
149,National Highways & Infrastructure Development Corporation Limited (NHIDCL),Blacklisted Key Professionals,pending_recon,
150,National Thermal Power Corporation Limited (NTPC),Vendors Debarred from Enlistment,pending_recon,
151,NLC India Limited (NLC),List of Banned / Debarred Vendors,pending_recon,
152,Oil and Natural Gas Corporation (ONGC),Banned Firms,pending_recon,
153,Power Grid Corporation of India Ltd (POWERGRID),List of Blacklisted Firms,pending_recon,
154,Rail Vikas Nigam Limited (RVNL),Disqualified Contractors and Consultants,pending_recon,
155,Rashtriya Ispat Nigam Limited (RINL),List of Banned / Debarred Vendors,pending_recon,
156,Rural Electrification Corporation (REC),List of Banned Firms,pending_recon,
157,Telecom Regulatory Authority of India (TRAI),List of Defaulters,pending_recon,
158,Uttar Pradesh Power Corporation Limited (UPPCL),Blacklisted Company,pending_recon,
159,Bombay Stock Exchange (BSE),Defaulters List,pending_recon,
160,Bombay Stock Exchange (BSE),Suspended Companies,pending_recon,
161,Central Depository Services (India) Limited (CDSL),Arbitration,pending_recon,
162,Central Depository Services (India) Limited (CDSL),Complaints and Arbitration Details,pending_recon,
163,Central Depository Services (India) Limited (CDSL),List of PANs Frozen on Account of Non,pending_recon,
164,DSE Estates Limited (DEL),Delisted Companies,pending_recon,
165,DSE Estates Limited (DEL),List of Suspended Companies,pending_recon,
166,Indian Clearing Corporation Limited (ICCL),Defaulter & Expelled Members,pending_recon,
167,Indian Commodity Exchange Ltd (ICEX),List of Defaulter Members,pending_recon,
168,Indian Commodity Exchange Ltd (ICEX),List of Expelled Members,pending_recon,
169,Indian Commodity Exchange Ltd (ICEX),List of Surrendered Members,pending_recon,
170,Metropolitan Stock Exchange (MSE),Complaint Status,pending_recon,
171,Metropolitan Stock Exchange (MSE),Final Enforcement Orders Passed Against Trading Members,pending_recon,
172,Metropolitan Stock Exchange (MSE),List Of Debarred Entities Based On Orders / Directions From Other Competent Authorities,pending_recon,
173,Metropolitan Stock Exchange (MSE),List Of Debarred Entities Based On Orders / Directions From SEBI,pending_recon,
174,Metropolitan Stock Exchange (MSE),List of Defaulter Members,pending_recon,
175,Metropolitan Stock Exchange (MSE),List of Expelled Members,pending_recon,
176,Multi Commodity Exchange (MCX),Disciplinary Action Taken against Authorised Persons,pending_recon,
177,Multi Commodity Exchange (MCX),Enforcement Orders,pending_recon,
178,Multi Commodity Exchange (MCX),List of Members Declared Defaulters,pending_recon,
179,Multi Commodity Exchange (MCX),List of Members Expelled,pending_recon,
180,Multi Commodity Exchange (MCX),List of Surrendered/Ceased Members,pending_recon,
181,Multi Commodity Exchange (MCX),Members Deactivated Suspended Debarred for Serious Violations,pending_recon,
182,Multi Commodity Exchange (MCX),Penalties,pending_recon,
183,National Commodity and Derivatives Exchange (NCDEX),Cessation of Membership,pending_recon,
184,National Commodity and Derivatives Exchange (NCDEX),Defaulting Clients Database,pending_recon,
185,National Commodity and Derivatives Exchange (NCDEX),List of Ceased Members (For Non,pending_recon,
186,National Commodity and Derivatives Exchange (NCDEX),List of Defaulter Members,pending_recon,
187,National Commodity and Derivatives Exchange (NCDEX),List of Expelled Members,pending_recon,
188,National Commodity and Derivatives Exchange (NCDEX),List Surrender Member,pending_recon,
189,National Commodity and Derivatives Exchange (NCDEX),Members Inspection Penalty List,pending_recon,
190,National Commodity Clearing Limited (NCCL),List of Suspended / Defaulter / Expelled Members,pending_recon,
191,National Securities Depository Limited (NSDL),List of Account Holders on which Freeze Action is Initiated Based on SEBI Directions,pending_recon,
192,National Spot Exchange Limited (NSEL),Defaulters,pending_recon,
193,National Spot Exchange Limited (NSEL),Details of Amount Crystallised by HCC and Accepted by Honble Court Against Defaulters,pending_recon,
194,National Spot Exchange Limited (NSEL),Details of Amount Crystallised by HCC and Pending Acceptance by Honble Court Against Defaulters,pending_recon,
195,National Spot Exchange Limited (NSEL),Details of Arbitration / Conciliation Award Obtained by NSEL Against Defaulters,pending_recon,
196,National Spot Exchange Limited (NSEL),Details of Decrees obtained After Determination of Liability by HCC,pending_recon,
197,National Spot Exchange Limited (NSEL),Details of Decrees Obtained by NSEL Against Defaulters by BHC,pending_recon,
198,National Stock Exchange (NSE),Arbitration Awards,pending_recon,
199,National Stock Exchange (NSE),Authorized Person (AP) Cancellation Done Due to Disciplinary Reason,pending_recon,
200,National Stock Exchange (NSE),List of Defaulter Members,pending_recon,
201,National Stock Exchange (NSE),List of Expelled Members,pending_recon,
202,National Stock Exchange (NSE),Other Orders of Member and Core Settlement Guarantee Fund Committee (MCSGFC),pending_recon,
203,NSE Clearing Limited (NSECL),Cessation of Membership,pending_recon,
204,NSE Clearing Limited (NSECL),Defaulter Members,pending_recon,
205,Andaman and Nicobar Police (ANP),Wanted Criminals,pending_recon,
206,Arunachal Pradesh Police (APP),Wanted Criminals,pending_recon,
207,Assam Police (AP),Most Wanted,pending_recon,
208,Chandigarh Police (CP),Wanted person by Economic Offence Wing,pending_recon,
209,Delhi Police (DP),Economic Offenses Wing Proclaimed Offenders,pending_recon,
210,Delhi Police (DP),Most Wanted,pending_recon,
211,Delhi Police (DP),Wanted Criminals of Economic Offence Wing,pending_recon,
212,Gurugram Police (GP),Most Wanted Criminals,pending_recon,
213,Haryana Police,Unauthorized Recruitment Agencies List,pending_recon,
214,Karnataka Police (KP),Wanted,pending_recon,
215,Kerala Police (KP),Wanted Persons,pending_recon,
216,Kolkata Police (KP),Most Wanted,pending_recon,
217,Meghalaya Police (MP),List of Wanted Person,pending_recon,
218,Mumbai Police (MP),Absconder List,pending_recon,
219,Nagaland Police (NP),Most Wanted,pending_recon,
220,Tripura Police (TP),Wanted Criminal,pending_recon,
221,Uttar Pradesh Police (UP Police),Most Wanted,pending_recon,
222,Helpful Foundation (HF),Most Wanted Criminals,pending_recon,
223,Press Information Bureau,Accreditated Media Person List,pending_recon,
224,Criminal Investigation Department Maharashtra State (CIDMS),Absconder List,pending_recon,
225,Jharkhand Police (JP),List of Rewarded Naxal/Criminals,pending_recon,
226,Jharkhand Police (JP),Active Criminals,pending_recon,
227,Ministry of Home Affairs (MHA),Gazette Notifications,pending_recon,
228,Telecom Regulatory Authority of India (TRAI),Mobile Number Revocation list,pending_recon,
229,Reserve Bank of India (RBI),List of Full Fledged Money Changer (FFMC) Licenses Cancelled,pending_recon,
230,Reserve Bank of India (RBI),List of Non-Bank AD Cat-II Entities and FFMCs on which penalties have been imposed for contraventions of FEMA 1999,pending_recon,
231,Reserve Bank of India (RBI),List of Authorised Dealers Licenses Cancelled - Category I & II,pending_recon,
232,Rajasthan Police (RP),Wanted Persons,pending_recon,
233,Criminal Investigation Department of West Bengal (CIDWB),Most Wanted Criminals,pending_recon,
234,Association of Mutual Funds in India (AMFI),Application Reference Number Suspended/Terminated from doing Mutual Fund Business,pending_recon,
235,NSE Clearing Limited (NSECL),Arbitration Awards,pending_recon,
236,Metropolitan Stock Exchange (MSE),Trading Clearing Members,pending_recon,
237,Bombay Stock Exchange (BSE),Arbitration Awards,pending_recon,
238,Reserve Bank of India (RBI),Press Release,pending_recon,
239,Bombay Stock Exchange (BSE),Defaulting Clients,pending_recon,
240,National Stock Exchange (NSE),Defaulting Clients,pending_recon,
241,National Stock Exchange (NSE),Caution List,pending_recon,
242,Metropolitan Stock Exchange (MSE),Arbitral Awards,pending_recon,
243,National Securities Depository Limited (NSDL),List of PAN/Demat accounts deactivated on account of non-delivery of SCN/Orders as per SEBI Circular,pending_recon,
244,Insolvency and Bankruptcy Board of India (IBBI),Public Announcement,pending_recon,
